"","SNP_1","SNP_2","SNP_3","SNP_4","SNP_5","SNP_6"
"R_1",2,2,1,1,2,2
"R_2",2,2,1,1,2,2
"R_3",2,2,1,1,2,2
"R_4",2,2,1,1,2,2
"R_5",2,2,2,2,1,2
"R_6",2,2,1,1,1,2
"R_7",2,2,1,1,1,2
"R_8",2,2,1,1,2,2
"R_9",2,2,2,2,1,2
"R_10",2,2,1,2,2,2
"R_11",2,2,2,2,2,2
"R_12",2,2,2,2,2,2
"R_13",2,2,1,2,2,2
"R_14",2,2,1,1,2,2
"R_15",2,2,2,2,2,2
"R_16",2,2,2,2,0,2
"R_17",2,2,1,2,1,2
"R_18",2,2,2,2,1,2
"R_19",2,2,1,1,1,2
"R_20",2,2,1,1,2,2
"R_21",2,2,2,2,2,2
"R_22",2,2,1,1,2,2
"R_23",2,2,2,2,2,2
"R_24",2,2,0,0,2,2
"R_25",2,2,1,1,1,2
"R_26",2,2,1,1,2,2
"R_27",2,2,2,2,2,2
"R_28",2,2,1,1,1,2
"R_29",2,2,2,2,1,2
"R_30",2,2,1,1,1,2
"R_31",2,2,2,2,2,2
"R_32",2,2,2,2,2,2
"R_33",2,2,1,1,1,2
"R_34",2,2,1,1,1,2
"R_35",2,2,1,1,2,2
"R_36",2,2,0,0,2,2
"R_37",2,2,2,2,2,2
"R_38",2,2,1,1,2,2
"R_39",2,2,2,2,2,2
"R_40",2,2,1,1,2,2
"R_41",2,2,1,1,1,2
"R_42",2,2,2,2,2,2
"R_43",2,2,1,2,1,2
"R_44",2,2,0,0,2,2
"R_45",2,2,1,1,2,2
"R_46",2,2,2,2,2,2
"R_47",2,2,1,1,2,2
"R_48",2,2,2,2,2,2
"R_49",2,2,0,0,2,2
"R_50",2,2,1,1,1,2
"R_51",2,2,0,0,2,2
"R_52",2,2,0,1,2,2
"R_53",2,2,1,1,1,2
"R_54",2,2,2,2,2,2
"R_55",2,2,0,0,2,2
"R_56",2,2,2,2,2,2
"R_57",2,2,1,1,2,2
"R_58",2,2,2,2,2,2
"R_59",2,2,2,2,2,2
"R_60",2,2,2,2,1,2
"R_61",2,2,2,2,2,2
"R_62",2,2,2,2,2,2
"R_63",2,2,2,2,2,2
"R_64",2,2,2,2,2,2
"R_65",2,2,2,2,2,2
"R_66",2,2,1,2,2,2
"R_67",2,2,2,2,1,2
"R_68",2,2,2,2,2,2
"R_69",2,2,2,2,2,2
"R_70",2,2,2,2,1,2
"R_71",2,2,0,0,2,2
"R_72",2,2,1,1,2,2
"R_73",2,2,1,1,2,2
"R_74",2,2,0,0,2,2
"R_75",2,2,1,1,1,2
"R_76",2,2,0,0,2,2
"R_77",2,2,1,1,2,2
"R_78",2,2,0,0,2,2
"R_79",2,2,2,2,1,2
"R_80",2,2,2,2,2,2
"R_81",2,2,2,2,2,2
"R_82",2,2,1,1,2,2
"R_83",2,2,2,2,2,2
"R_84",2,2,1,1,2,2
"R_85",2,2,2,2,2,2
"R_86",2,2,1,1,1,2
"R_87",2,2,2,2,1,2
"R_88",2,2,2,2,2,2
"R_89",2,2,2,2,1,2
"R_90",2,2,2,2,2,2
"R_91",2,2,2,2,0,2
"R_92",2,2,2,2,2,2
"R_93",2,2,1,1,2,2
"R_94",2,2,1,1,2,2
"R_95",2,2,2,2,2,2
"R_96",2,2,1,1,2,2
"R_97",2,2,0,0,2,2
"R_98",2,2,2,2,2,2
"R_99",2,2,2,2,0,2
"R_100",2,2,1,1,1,2
"R_101",2,2,2,2,1,2
"R_102",2,2,0,0,2,2
"R_103",2,2,2,2,2,2
"R_104",2,2,1,1,1,2
"R_105",2,2,2,2,2,2
"R_106",2,2,2,2,2,2
"R_107",2,2,2,2,1,2
"R_108",2,2,2,2,1,2
"R_109",2,2,1,1,1,2
"R_110",2,2,1,1,2,2
"R_111",2,2,2,2,2,2
"R_112",2,2,1,1,2,2
"R_113",2,2,2,2,2,2
"R_114",2,2,2,2,2,2
"R_115",2,2,2,2,2,2
"R_116",2,2,2,2,1,2
"R_117",2,2,1,1,2,2
"R_118",2,2,1,1,2,2
"R_119",2,2,2,2,2,2
"R_120",2,2,2,2,2,2
"R_121",2,2,1,2,2,2
"R_122",2,2,2,2,0,2
"R_123",2,2,2,2,2,2
"R_124",2,2,1,1,1,2
"R_125",2,2,2,2,2,2
"R_126",2,2,1,1,2,2
"R_127",2,2,0,0,2,2
"R_128",2,2,2,2,1,2
"R_129",2,2,1,1,2,2
"R_130",2,2,2,2,1,2
"R_131",2,2,2,2,1,2
"R_132",2,2,1,1,2,2
"R_133",2,2,2,2,1,2
"R_134",2,2,1,1,1,2
"R_135",2,2,2,2,2,2
"R_136",2,2,2,2,2,2
"R_137",2,2,2,2,2,2
"R_138",2,2,2,2,2,2
"R_139",2,2,2,2,2,2
"R_140",2,2,1,1,2,2
"R_141",2,2,2,2,1,2
"R_142",2,2,0,0,2,2
"R_143",2,2,2,2,1,2
"R_144",2,2,2,2,2,2
"R_145",2,2,2,2,2,2
"R_146",2,2,1,1,2,2
"R_147",2,2,2,2,2,2
"R_148",2,2,0,0,2,2
"R_149",2,2,1,1,2,2
"R_150",2,2,2,2,2,2
"R_151",2,2,1,1,2,2
"R_152",2,2,1,1,1,2
"R_153",2,2,2,2,2,2
"R_154",2,2,2,2,2,2
"R_155",2,2,1,1,2,2
"R_156",2,2,1,1,1,2
"R_157",2,2,2,2,2,2
"R_158",2,2,1,2,2,2
"R_159",2,2,2,2,2,2
"R_160",2,2,1,1,2,2
"R_161",2,2,1,2,2,2
"R_162",2,2,2,2,2,2
"R_163",2,2,2,2,2,2
"R_164",2,2,1,1,2,2
"R_165",2,2,0,1,2,2
"R_166",2,2,2,2,2,2
"R_167",2,2,2,2,2,2
"R_168",2,2,2,2,2,2
"R_169",2,2,2,2,2,2
"R_170",2,2,2,2,1,2
"R_171",2,2,2,2,2,2
"R_172",2,2,2,2,2,2
"R_173",2,2,2,2,1,2
"R_174",2,2,1,2,2,2
"R_175",2,2,1,1,2,2
"R_176",2,2,1,1,2,2
"R_177",2,2,2,2,2,2
"R_178",2,2,1,1,1,2
"R_179",2,2,1,2,2,2
"R_180",2,2,2,2,1,2
"R_181",2,2,2,2,2,2
"R_182",2,2,1,1,2,2
"R_183",2,2,2,2,2,2
"R_184",2,2,2,2,2,2
"R_185",2,2,1,1,2,2
"R_186",2,2,1,1,2,2
"R_187",2,2,1,1,1,2
"R_188",2,2,0,0,2,2
"R_189",2,2,2,2,2,2
"R_190",2,2,2,2,2,2
"R_191",2,2,1,1,2,2
"R_192",2,2,2,2,1,2
"R_193",2,2,2,2,2,2
"R_194",2,2,2,2,2,2
"R_195",2,2,2,2,2,2
"R_196",2,2,2,2,2,2
"R_197",2,2,2,2,1,2
"R_198",2,2,1,1,2,2
"R_199",2,2,2,2,2,2
"R_200",2,2,2,2,2,2
"R_201",2,2,2,2,1,2
"R_202",2,2,2,2,1,2
"R_203",2,2,1,1,2,2
"R_204",2,2,1,1,2,2
"R_205",2,2,1,1,2,2
"R_206",2,2,1,1,1,2
"R_207",2,2,0,0,2,2
"R_208",2,2,2,2,2,2
"R_209",2,2,1,1,2,2
"R_210",2,2,1,1,2,2
"R_211",2,2,2,2,1,2
"R_212",2,2,2,2,2,2
"R_213",2,2,1,1,1,2
"R_214",2,2,2,2,2,2
"R_215",2,2,1,1,1,2
"R_216",2,2,1,1,2,2
"R_217",2,2,0,0,2,2
"R_218",2,2,1,1,2,2
"R_219",2,2,1,1,1,2
"R_220",2,2,2,2,2,2
"R_221",2,2,1,2,2,2
"R_222",2,2,2,2,2,2
"R_223",2,2,1,1,2,2
"R_224",2,2,2,2,1,2
"R_225",2,2,2,2,2,2
"R_226",2,2,2,2,2,2
"R_227",2,2,2,2,2,2
"R_228",2,2,1,1,2,2
"R_229",2,2,2,2,1,2
"R_230",2,2,2,2,2,2
"R_231",2,2,1,1,2,2
"R_232",2,2,1,1,1,2
"R_233",2,2,2,2,2,2
"R_234",2,2,1,1,2,2
"R_235",2,2,1,1,2,2
"R_236",2,2,2,2,1,2
"R_237",2,2,2,2,2,2
"R_238",2,2,2,2,2,2
"R_239",2,2,1,1,1,2
"R_240",2,2,2,2,2,2
"R_241",2,2,1,1,1,2
"R_242",2,2,2,2,2,2
"R_243",2,2,2,2,2,2
"R_244",2,2,1,1,1,2
"R_245",2,2,0,0,2,2
"R_246",2,2,2,2,2,2
"R_247",2,2,2,2,2,2
"R_248",2,2,2,2,1,2
"R_249",2,2,1,1,2,2
"R_250",2,2,2,2,2,2
"R_251",2,2,2,2,1,2
"R_252",2,2,0,1,2,2
"R_253",2,2,2,2,1,2
"R_254",2,2,1,1,2,2
"R_255",2,2,0,1,2,2
"R_256",2,2,2,2,2,2
"R_257",2,2,1,1,2,2
"R_258",2,2,2,2,2,2
"R_259",2,2,2,2,2,2
"R_260",2,2,2,2,2,2
"R_261",2,2,2,2,2,2
"R_262",2,2,2,2,1,2
"R_263",2,2,1,1,2,2
"R_264",2,2,2,2,1,2
"R_265",2,2,1,1,2,2
"R_266",2,2,1,1,2,2
"R_267",2,2,2,2,2,2
"R_268",2,2,2,2,1,2
"R_269",2,2,0,0,2,2
"R_270",2,2,2,2,1,2
"R_271",2,2,2,2,2,2
"R_272",2,2,1,1,2,2
"R_273",2,2,1,1,2,2
"R_274",2,2,2,2,2,2
"R_275",2,2,1,1,2,2
"R_276",2,2,2,2,1,2
"R_277",2,2,1,2,2,2
"R_278",2,2,1,1,1,2
"R_279",2,2,1,2,2,2
"R_280",2,2,1,1,2,2
"R_281",2,2,1,1,2,2
"R_282",2,2,2,2,2,2
"R_283",2,2,2,2,2,2
"R_284",2,2,1,1,2,2
"R_285",2,2,2,2,2,2
"R_286",2,2,1,1,2,2
"R_287",2,2,1,1,2,2
"R_288",2,2,0,1,2,2
"R_289",2,2,1,1,2,2
"R_290",2,2,1,1,2,2
"R_291",2,2,2,2,1,2
"R_292",2,2,1,2,2,2
"R_293",2,2,2,2,2,2
"R_294",2,2,1,1,2,2
"R_295",2,2,2,2,2,2
"R_296",2,2,1,1,2,2
"R_297",2,2,2,2,1,2
"R_298",2,2,1,1,2,2
"R_299",2,2,2,2,2,2
"R_300",2,2,1,1,2,2
"R_301",2,2,2,2,2,2
"R_302",2,2,2,2,2,2
"R_303",2,2,0,0,2,2
"R_304",2,2,2,2,1,2
"R_305",2,2,2,2,2,2
"R_306",2,2,2,2,2,2
"R_307",2,2,1,1,2,2
"R_308",2,2,1,1,2,2
"R_309",2,2,2,2,2,2
"R_310",2,2,1,1,1,2
"R_311",2,2,1,1,2,2
"R_312",2,2,2,2,1,2
"R_313",2,2,1,1,2,2
"R_314",2,2,2,2,2,2
"R_315",2,2,2,2,2,2
"R_316",2,2,1,1,2,2
"R_317",2,2,1,2,2,2
"R_318",2,2,1,1,2,2
"R_319",2,2,2,2,2,2
"R_320",2,2,2,2,2,2
"R_321",2,2,2,2,2,2
"R_322",2,2,0,0,2,2
"R_323",2,2,1,1,2,2
"R_324",2,2,0,0,2,2
"R_325",2,2,1,1,2,2
"R_326",2,2,2,2,1,2
"R_327",2,2,1,1,2,2
"R_328",2,2,2,2,2,2
"R_329",2,2,2,2,2,2
"R_330",2,2,2,2,2,2
"R_331",2,2,1,1,2,2
"R_332",2,2,2,2,2,2
"R_333",2,2,2,2,1,2
"R_334",2,2,2,2,2,2
"R_335",2,2,1,1,2,2
"R_336",2,2,1,2,2,2
"R_337",2,2,1,1,2,2
"R_338",2,2,1,1,2,2
"R_339",2,2,1,1,2,2
"R_340",2,2,1,2,2,2
"R_341",2,2,2,2,1,2
"R_342",2,2,0,0,2,2
"R_343",2,2,2,2,2,2
"R_344",2,2,1,2,2,2
"R_345",2,2,2,2,2,2
"R_346",2,2,1,1,1,2
"R_347",2,2,2,2,0,2
"R_348",2,2,1,1,2,2
"R_349",2,2,2,2,1,2
"R_350",2,2,1,2,2,2
"R_351",2,2,1,1,1,2
"R_352",2,2,0,0,2,2
"R_353",2,2,1,1,2,2
"R_354",2,2,1,1,2,2
"R_355",2,2,2,2,2,2
"R_356",2,2,1,1,2,2
"R_357",2,2,2,2,2,2
"R_358",2,2,1,1,2,2
"R_359",2,2,2,2,2,2
"R_360",2,2,1,1,2,2
"R_361",2,2,2,2,2,2
"R_362",2,2,2,2,1,2
"R_363",2,2,1,1,2,2
"R_364",2,2,2,2,2,2
"R_365",2,2,2,2,2,2
"R_366",2,2,1,1,2,2
"R_367",2,2,1,1,2,2
"R_368",2,2,2,2,2,2
"R_369",2,2,2,2,2,2
"R_370",2,2,1,1,2,2
"R_371",2,2,1,1,2,2
"R_372",2,2,2,2,2,2
"R_373",2,2,1,1,2,2
"R_374",2,2,1,1,2,2
"R_375",2,2,2,2,2,2
"R_376",2,2,1,1,2,2
"R_377",2,2,2,2,1,2
"R_378",2,2,2,2,2,2
"R_379",2,2,1,1,2,2
"R_380",2,2,2,2,1,2
"R_381",2,2,2,2,1,2
"R_382",2,2,2,2,2,2
"R_383",2,2,2,2,1,2
"R_384",2,2,2,2,1,2
"R_385",2,2,1,1,2,2
"R_386",2,2,1,1,2,2
"R_387",2,2,2,2,1,2
"R_388",2,2,2,2,2,2
"R_389",2,2,2,2,2,2
"R_390",2,2,1,1,2,2
"R_391",2,2,2,2,1,2
"R_392",2,2,2,2,2,2
"R_393",2,2,2,2,0,2
"R_394",2,2,2,2,2,2
"R_395",2,2,2,2,2,2
"R_396",2,2,1,1,2,2
"R_397",2,2,1,2,2,2
"R_398",2,2,1,1,1,2
"R_399",2,2,2,2,1,2
"R_400",2,2,2,2,2,2
"R_401",2,2,2,2,2,2
"R_402",2,2,2,2,2,2
"R_403",2,2,2,2,1,2
"R_404",2,2,1,1,1,2
"R_405",2,2,2,2,1,2
"R_406",2,2,2,2,2,2
"R_407",2,2,2,2,2,2
"R_408",2,2,2,2,2,2
"R_409",2,2,2,2,2,2
"R_410",2,2,2,2,2,2
"R_411",2,2,2,2,1,2
"R_412",2,2,2,2,1,2
"R_413",2,2,2,2,2,2
"R_414",2,2,0,0,2,2
"R_415",2,2,2,2,2,2
"R_416",2,2,1,1,2,2
"R_417",2,2,0,0,2,2
"R_418",2,2,1,1,1,2
"R_419",2,2,1,1,2,2
"R_420",2,2,2,2,1,2
"R_421",2,2,1,1,2,2
"R_422",2,2,2,2,2,2
"R_423",2,2,1,1,2,2
"R_424",2,2,1,1,2,2
"R_425",2,2,2,2,2,2
"R_426",2,2,2,2,2,2
"R_427",2,2,2,2,1,2
"R_428",2,2,1,1,2,2
"R_429",2,2,2,2,0,2
"R_430",2,2,2,2,2,2
"R_431",2,2,2,2,1,2
"R_432",2,2,1,1,1,2
"R_433",2,2,2,2,2,2
"R_434",2,2,1,1,2,2
"R_435",2,2,1,1,2,2
"R_436",2,2,1,2,1,2
"R_437",2,2,2,2,1,2
"R_438",2,2,2,2,2,2
"R_439",2,2,2,2,2,2
"R_440",2,2,2,2,1,2
"R_441",2,2,1,1,2,2
"R_442",2,2,1,2,2,2
"R_443",2,2,1,1,2,2
"R_444",2,2,1,1,2,2
"R_445",2,2,1,2,2,2
"R_446",2,2,0,0,2,2
"R_447",2,2,0,1,2,2
"R_448",2,2,1,1,1,2
"R_449",2,2,1,1,2,2
"R_450",2,2,0,0,2,2
"R_451",2,2,2,2,2,2
"R_452",2,2,1,1,2,2
"R_453",2,2,1,1,2,2
"R_454",2,2,1,2,1,2
"R_455",2,2,1,1,2,2
"R_456",2,2,1,1,2,2
"R_457",2,2,2,2,1,2
"R_458",2,2,2,2,1,2
"R_459",2,2,2,2,2,2
"R_460",2,2,1,1,2,2
"R_461",2,2,1,1,1,2
"R_462",2,2,1,1,1,2
"R_463",2,2,1,1,2,2
"R_464",2,2,2,2,2,2
"R_465",2,2,2,2,2,2
"R_466",2,2,1,1,2,2
"R_467",2,2,0,1,2,2
"R_468",2,2,2,2,1,2
"R_469",2,2,2,2,1,2
"R_470",2,2,1,1,2,2
"R_471",2,2,2,2,1,2
"R_472",2,2,2,2,1,2
"R_473",2,2,1,1,2,2
"R_474",2,2,2,2,2,2
"R_475",2,2,2,2,1,2
"R_476",2,2,0,0,2,2
"R_477",2,2,2,2,2,2
"R_478",2,2,1,1,2,2
"R_479",2,2,1,1,2,2
"R_480",2,2,0,1,2,2
"R_481",2,2,1,1,2,2
"R_482",2,2,2,2,1,2
"R_483",2,2,2,2,2,2
"R_484",2,2,2,2,0,2
"R_485",2,2,0,0,2,2
"R_486",2,2,1,2,2,2
"R_487",2,2,1,1,2,2
"R_488",2,2,2,2,1,2
"R_489",2,2,2,2,2,2
"R_490",2,2,1,2,2,2
"R_491",2,2,0,0,2,2
"R_492",2,2,2,2,2,2
"R_493",2,2,2,2,2,2
"R_494",2,2,2,2,1,2
"R_495",2,2,2,2,2,2
"R_496",2,2,2,2,2,2
"R_497",2,2,1,1,1,2
"R_498",2,2,2,2,2,2
"R_499",2,2,1,1,2,2
"R_500",2,2,2,2,0,2
"D_1",2,2,2,2,2,2
"D_2",2,2,2,2,2,2
"D_3",2,2,1,1,2,2
"D_4",2,2,1,1,1,2
"D_5",2,2,2,2,2,2
"D_6",2,2,2,2,1,2
"D_7",2,2,2,2,1,2
"D_8",2,2,2,2,2,2
"D_9",2,2,2,2,1,2
"D_10",2,2,2,2,2,2
"D_11",2,2,2,2,0,2
"D_12",2,2,0,1,2,2
"D_13",2,2,1,2,2,2
"D_14",2,2,2,2,2,2
"D_15",2,2,1,1,1,2
"D_16",2,2,2,2,2,2
"D_17",2,2,2,2,2,2
"D_18",2,2,2,2,2,2
"D_19",2,2,2,2,1,2
"D_20",2,2,1,1,2,2
"D_21",2,2,2,2,0,2
"D_22",2,2,2,2,2,2
"D_23",2,2,2,2,2,2
"D_24",2,2,2,2,2,2
"D_25",2,2,1,1,2,2
"D_26",2,2,1,1,2,2
"D_27",2,2,2,2,2,2
"D_28",2,2,1,1,1,2
"D_29",2,2,0,1,2,2
"D_30",2,2,2,2,2,2
"D_31",2,2,2,2,2,2
"D_32",2,2,2,2,2,2
"D_33",2,2,1,1,1,2
"D_34",2,2,1,2,2,2
"D_35",2,2,2,2,2,2
"D_36",2,2,2,2,2,2
"D_37",2,2,1,1,2,2
"D_38",2,2,1,1,2,2
"D_39",2,2,2,2,2,2
"D_40",2,2,1,2,2,2
"D_41",2,2,2,2,2,2
"D_42",2,2,2,2,2,2
"D_43",2,2,1,1,2,2
"D_44",2,2,1,1,1,2
"D_45",2,2,1,1,1,2
"D_46",2,2,2,2,2,2
"D_47",2,2,2,2,1,2
"D_48",2,2,1,1,2,2
"D_49",2,2,1,1,1,2
"D_50",2,2,2,2,2,2
"D_51",2,2,0,1,2,2
"D_52",2,2,2,2,2,2
"D_53",2,2,2,2,2,2
"D_54",2,2,1,1,2,2
"D_55",2,2,2,2,2,2
"D_56",2,2,2,2,0,2
"D_57",2,2,2,2,2,2
"D_58",2,2,0,0,2,2
"D_59",2,2,1,2,2,2
"D_60",2,2,2,2,2,2
"D_61",2,2,2,2,2,2
"D_62",2,2,2,2,1,2
"D_63",2,2,2,2,1,2
"D_64",2,2,1,1,2,2
"D_65",2,2,2,2,1,2
"D_66",2,2,2,2,2,2
"D_67",2,2,0,0,2,2
"D_68",2,2,1,1,2,2
"D_69",2,2,2,2,2,2
"D_70",2,2,2,2,2,2
"D_71",2,2,1,1,2,2
"D_72",2,2,1,1,2,2
"D_73",2,2,1,1,2,2
"D_74",2,2,1,1,2,2
"D_75",2,2,2,2,2,2
"D_76",2,2,1,1,2,2
"D_77",2,2,2,2,1,2
"D_78",2,2,2,2,1,2
"D_79",2,2,2,2,2,2
"D_80",2,2,1,1,2,2
"D_81",2,2,1,1,2,2
"D_82",2,2,2,2,2,2
"D_83",2,2,2,2,2,2
"D_84",2,2,1,1,1,2
"D_85",2,2,1,1,2,2
"D_86",2,2,1,1,2,2
"D_87",2,2,1,1,2,2
"D_88",2,2,2,2,2,2
"D_89",2,2,1,1,2,2
"D_90",2,2,2,2,2,2
"D_91",2,2,1,1,2,2
"D_92",2,2,1,1,1,2
"D_93",2,2,2,2,2,2
"D_94",2,2,1,1,2,2
"D_95",2,2,0,1,2,2
"D_96",2,2,2,2,1,2
"D_97",2,2,2,2,2,2
"D_98",2,2,1,1,2,2
"D_99",2,2,2,2,2,2
"D_100",2,2,1,1,2,2
"D_101",2,2,2,2,2,2
"D_102",2,2,2,2,2,2
"D_103",2,2,1,1,2,2
"D_104",2,2,2,2,1,2
"D_105",2,2,2,2,2,2
"D_106",2,2,2,2,2,2
"D_107",2,2,1,1,1,2
"D_108",2,2,2,2,2,2
"D_109",2,2,0,0,2,2
"D_110",2,2,1,1,1,2
"D_111",2,2,1,2,1,2
"D_112",2,2,1,1,2,2
"D_113",2,2,1,1,2,2
"D_114",2,2,2,2,2,2
"D_115",2,2,1,1,2,2
"D_116",2,2,1,1,2,2
"D_117",2,2,1,1,2,2
"D_118",2,2,1,1,1,2
"D_119",2,2,2,2,2,2
"D_120",2,2,1,1,2,2
"D_121",2,2,2,2,2,2
"D_122",2,2,1,1,2,2
"D_123",2,2,1,1,2,2
"D_124",2,2,2,2,1,2
"D_125",2,2,2,2,0,2
"D_126",2,2,2,2,2,2
"D_127",2,2,0,0,2,2
"D_128",2,2,1,1,1,2
"D_129",2,2,2,2,2,2
"D_130",2,2,2,2,2,2
"D_131",2,2,2,2,2,2
"D_132",2,2,1,1,2,2
"D_133",2,2,1,1,1,2
"D_134",2,2,1,1,2,2
"D_135",2,2,1,1,2,2
"D_136",2,2,2,2,2,2
"D_137",2,2,1,1,2,2
"D_138",2,2,1,1,2,2
"D_139",2,2,1,1,2,2
"D_140",2,2,0,1,2,2
"D_141",2,2,1,1,2,2
"D_142",2,2,2,2,1,2
"D_143",2,2,2,2,2,2
"D_144",2,2,2,2,2,2
"D_145",2,2,0,0,2,2
"D_146",2,2,2,2,1,2
"D_147",2,2,2,2,1,2
"D_148",2,2,2,2,2,2
"D_149",2,2,1,1,1,2
"D_150",2,2,2,2,2,2
"D_151",2,2,2,2,2,2
"D_152",2,2,1,1,2,2
"D_153",2,2,1,2,1,2
"D_154",2,2,2,2,2,2
"D_155",2,2,2,2,2,2
"D_156",2,2,1,1,2,2
"D_157",2,2,2,2,1,2
"D_158",2,2,2,2,1,2
"D_159",2,2,1,1,2,2
"D_160",2,2,1,1,1,2
"D_161",2,2,2,2,1,2
"D_162",2,2,0,0,2,2
"D_163",2,2,1,1,1,2
"D_164",2,2,1,1,2,2
"D_165",2,2,1,1,2,2
"D_166",2,2,2,2,1,2
"D_167",2,2,1,1,1,2
"D_168",2,2,1,1,2,2
"D_169",2,2,2,2,2,2
"D_170",2,2,2,2,1,2
"D_171",2,2,2,2,2,2
"D_172",2,2,2,2,1,2
"D_173",2,2,2,2,2,2
"D_174",2,2,2,2,2,2
"D_175",2,2,2,2,2,2
"D_176",2,2,2,2,2,2
"D_177",2,2,2,2,2,2
"D_178",2,2,1,1,2,2
"D_179",2,2,1,2,1,2
"D_180",2,2,1,1,1,2
"D_181",2,2,2,2,1,2
"D_182",2,2,1,1,2,2
"D_183",2,2,2,2,2,2
"D_184",2,2,1,1,2,2
"D_185",2,2,2,2,2,2
"D_186",2,2,2,2,2,2
"D_187",2,2,0,1,2,2
"D_188",2,2,2,2,2,2
"D_189",2,2,0,0,2,2
"D_190",2,2,2,2,2,2
"D_191",2,2,2,2,2,2
"D_192",2,2,1,1,2,2
"D_193",2,2,2,2,2,2
"D_194",2,2,2,2,2,2
"D_195",2,2,2,2,1,2
"D_196",2,2,1,1,2,2
"D_197",2,2,2,2,2,2
"D_198",2,2,1,1,2,2
"D_199",2,2,1,2,2,2
"D_200",2,2,2,2,1,2
"D_201",2,2,2,2,2,2
"D_202",2,2,2,2,2,2
"D_203",2,2,2,2,2,2
"D_204",2,2,0,0,2,2
"D_205",2,2,2,2,2,2
"D_206",2,2,2,2,2,2
"D_207",2,2,2,2,2,2
"D_208",2,2,1,1,2,2
"D_209",2,2,2,2,2,2
"D_210",2,2,1,1,2,2
"D_211",2,2,2,2,1,2
"D_212",2,2,2,2,2,2
"D_213",2,2,2,2,2,2
"D_214",2,2,2,2,1,2
"D_215",2,2,1,1,2,2
"D_216",2,2,2,2,2,2
"D_217",2,2,2,2,1,2
"D_218",2,2,1,1,2,2
"D_219",2,2,2,2,1,2
"D_220",2,2,1,2,2,2
"D_221",2,2,2,2,2,2
"D_222",2,2,2,2,2,2
"D_223",2,2,0,0,2,2
"D_224",2,2,2,2,2,2
"D_225",2,2,2,2,1,2
"D_226",2,2,2,2,1,2
"D_227",2,2,2,2,2,2
"D_228",2,2,2,2,2,2
"D_229",2,2,2,2,2,2
"D_230",2,2,2,2,2,2
"D_231",2,2,0,0,2,2
"D_232",2,2,1,1,2,2
"D_233",2,2,2,2,2,2
"D_234",2,2,1,1,2,2
"D_235",2,2,1,1,1,2
"D_236",2,2,1,1,2,2
"D_237",2,2,2,2,1,2
"D_238",2,2,2,2,2,2
"D_239",2,2,0,1,2,2
"D_240",2,2,2,2,1,2
"D_241",2,2,0,1,2,2
"D_242",2,2,2,2,2,2
"D_243",2,2,1,1,2,2
"D_244",2,2,2,2,2,2
"D_245",2,2,1,1,2,2
"D_246",2,2,1,1,2,2
"D_247",2,2,2,2,2,2
"D_248",2,2,1,1,2,2
"D_249",2,2,2,2,2,2
"D_250",2,2,1,1,2,2
"D_251",2,2,2,2,2,2
"D_252",2,2,2,2,2,2
"D_253",2,2,1,1,2,2
"D_254",2,2,2,2,0,2
"D_255",2,2,2,2,2,2
"D_256",2,2,2,2,2,2
"D_257",2,2,2,2,1,2
"D_258",2,2,2,2,2,2
"D_259",2,2,1,1,2,2
"D_260",2,2,1,1,2,2
"D_261",2,2,2,2,2,2
"D_262",2,2,2,2,2,2
"D_263",2,2,2,2,2,2
"D_264",2,2,2,2,1,2
"D_265",2,2,1,1,2,2
"D_266",2,2,1,1,2,2
"D_267",2,2,1,1,1,2
"D_268",2,2,1,1,2,2
"D_269",2,2,1,1,1,2
"D_270",2,2,2,2,2,2
"D_271",2,2,2,2,2,2
"D_272",2,2,1,1,2,2
"D_273",2,2,1,1,2,2
"D_274",2,2,2,2,2,2
"D_275",2,2,0,0,2,2
"D_276",2,2,1,2,2,2
"D_277",2,2,1,1,2,2
"D_278",2,2,1,1,2,2
"D_279",2,2,1,1,2,2
"D_280",2,2,1,1,2,2
"D_281",2,2,2,2,2,2
"D_282",2,2,2,2,2,2
"D_283",2,2,2,2,1,2
"D_284",2,2,1,1,2,2
"D_285",2,2,1,1,2,2
"D_286",2,2,2,2,2,2
"D_287",2,2,2,2,2,2
"D_288",2,2,1,1,2,2
"D_289",2,2,2,2,1,2
"D_290",2,2,1,1,2,2
"D_291",2,2,1,1,1,2
"D_292",2,2,2,2,2,2
"D_293",2,2,2,2,2,2
"D_294",2,2,2,2,2,2
"D_295",2,2,1,1,2,2
"D_296",2,2,2,2,1,2
"D_297",2,2,2,2,2,2
"D_298",2,2,1,1,2,2
"D_299",2,2,1,1,2,2
"D_300",2,2,2,2,1,2
"D_301",2,2,2,2,2,2
"D_302",2,2,2,2,2,2
"D_303",2,2,1,1,1,2
"D_304",2,2,2,2,2,2
"D_305",2,2,2,2,2,2
"D_306",2,2,2,2,2,2
"D_307",2,2,2,2,1,2
"D_308",2,2,1,1,2,2
"D_309",2,2,0,0,2,2
"D_310",2,2,2,2,1,2
"D_311",2,2,1,1,1,2
"D_312",2,2,2,2,1,2
"D_313",2,2,2,2,2,2
"D_314",2,2,1,2,2,2
"D_315",2,2,1,1,2,2
"D_316",2,2,2,2,2,2
"D_317",2,2,1,1,2,2
"D_318",2,2,1,1,2,2
"D_319",2,2,0,0,2,2
"D_320",2,2,1,1,2,2
"D_321",2,2,1,1,1,2
"D_322",2,2,1,1,2,2
"D_323",2,2,0,0,2,2
"D_324",2,2,1,2,2,2
"D_325",2,2,2,2,2,2
"D_326",2,2,1,1,1,2
"D_327",2,2,2,2,2,2
"D_328",2,2,2,2,2,2
"D_329",2,2,1,1,2,2
"D_330",2,2,2,2,1,2
"D_331",2,2,0,0,2,2
"D_332",2,2,1,1,2,2
"D_333",2,2,1,1,2,2
"D_334",2,2,2,2,1,2
"D_335",2,2,2,2,2,2
"D_336",2,2,1,1,2,2
"D_337",2,2,0,0,2,2
"D_338",2,2,2,2,2,2
"D_339",2,2,2,2,1,2
"D_340",2,2,2,2,1,2
"D_341",2,2,1,1,2,2
"D_342",2,2,0,0,2,2
"D_343",2,2,1,1,2,2
"D_344",2,2,2,2,0,2
"D_345",2,2,2,2,2,2
"D_346",2,2,2,2,2,2
"D_347",2,2,1,2,2,2
"D_348",2,2,2,2,1,2
"D_349",2,2,2,2,2,2
"D_350",2,2,2,2,2,2
"D_351",2,2,1,1,1,2
"D_352",2,2,2,2,2,2
"D_353",2,2,2,2,2,2
"D_354",2,2,1,1,2,2
"D_355",2,2,1,1,2,2
"D_356",2,2,1,1,2,2
"D_357",2,2,2,2,2,2
"D_358",2,2,1,1,2,2
"D_359",2,2,0,0,2,2
"D_360",2,2,1,1,2,2
"D_361",2,2,1,1,2,2
"D_362",2,2,0,0,2,2
"D_363",2,2,1,1,2,2
"D_364",2,2,2,2,2,2
"D_365",2,2,2,2,1,2
"D_366",2,2,2,2,1,2
"D_367",2,2,2,2,2,2
"D_368",2,2,2,2,1,2
"D_369",2,2,2,2,2,2
"D_370",2,2,2,2,1,2
"D_371",2,2,1,1,2,2
"D_372",2,2,1,1,2,2
"D_373",2,2,1,1,1,2
"D_374",2,2,2,2,0,2
"D_375",2,2,2,2,2,2
"D_376",2,2,2,2,1,2
"D_377",2,2,2,2,2,2
"D_378",2,2,1,1,2,2
"D_379",2,2,2,2,2,2
"D_380",2,2,1,1,2,2
"D_381",2,2,2,2,2,2
"D_382",2,2,2,2,2,2
"D_383",2,2,2,2,2,2
"D_384",2,2,1,2,2,2
"D_385",2,2,1,1,2,2
"D_386",2,2,2,2,2,2
"D_387",2,2,2,2,1,2
"D_388",2,2,2,2,1,2
"D_389",2,2,2,2,2,2
"D_390",2,2,1,1,2,2
"D_391",2,2,2,2,2,2
"D_392",2,2,2,2,2,2
"D_393",2,2,0,1,2,2
"D_394",2,2,2,2,2,2
"D_395",2,2,2,2,0,2
"D_396",2,2,2,2,2,2
"D_397",2,2,2,2,2,2
"D_398",2,2,2,2,2,2
"D_399",2,2,2,2,2,2
"D_400",2,2,0,0,2,2
"D_401",2,2,0,0,2,2
"D_402",2,2,2,2,2,2
"D_403",2,2,2,2,2,2
"D_404",2,2,2,2,1,2
"D_405",2,2,1,1,2,2
"D_406",2,2,1,1,2,2
"D_407",2,2,2,2,1,2
"D_408",2,2,2,2,2,2
"D_409",2,2,2,2,2,2
"D_410",2,2,1,1,1,2
"D_411",2,2,2,2,2,2
"D_412",2,2,2,2,1,2
"D_413",2,2,2,2,2,2
"D_414",2,2,2,2,1,2
"D_415",2,2,2,2,2,2
"D_416",2,2,2,2,2,2
"D_417",2,2,2,2,2,2
"D_418",2,2,2,2,0,2
"D_419",2,2,0,0,2,2
"D_420",2,2,1,1,2,2
"D_421",2,2,2,2,2,2
"D_422",2,2,0,0,2,2
"D_423",2,2,2,2,2,2
"D_424",2,2,1,1,2,2
"D_425",2,2,0,0,2,2
"D_426",2,2,2,2,1,2
"D_427",2,2,2,2,2,2
"D_428",2,2,1,1,1,2
"D_429",2,2,2,2,0,2
"D_430",2,2,1,1,2,2
"D_431",2,2,1,1,2,2
"D_432",2,2,2,2,2,2
"D_433",2,2,0,0,2,2
"D_434",2,2,1,1,1,2
"D_435",2,2,2,2,1,2
"D_436",2,2,1,1,2,2
"D_437",2,2,1,1,2,2
"D_438",2,2,2,2,2,2
"D_439",2,2,2,2,2,2
"D_440",2,2,2,2,0,2
"D_441",2,2,1,2,2,2
"D_442",2,2,1,1,1,2
"D_443",2,2,2,2,1,2
"D_444",2,2,2,2,2,2
"D_445",2,2,1,1,2,2
"D_446",2,2,2,2,2,2
"D_447",2,2,2,2,2,2
"D_448",2,2,2,2,2,2
"D_449",2,2,2,2,2,2
"D_450",2,2,2,2,2,2
"D_451",2,2,1,1,2,2
"D_452",2,2,2,2,2,2
"D_453",2,2,2,2,1,2
"D_454",2,2,2,2,2,2
"D_455",2,2,1,1,2,2
"D_456",2,2,1,1,1,2
"D_457",2,2,2,2,2,2
"D_458",2,2,2,2,1,2
"D_459",2,2,2,2,2,2
"D_460",2,2,0,0,2,2
"D_461",2,2,1,1,2,2
"D_462",2,2,2,2,1,2
"D_463",2,2,1,1,2,2
"D_464",2,2,1,1,2,2
"D_465",2,2,2,2,1,2
"D_466",2,2,0,0,2,2
"D_467",2,2,1,1,2,2
"D_468",2,2,1,1,2,2
"D_469",2,2,1,1,2,2
"D_470",2,2,2,2,2,2
"D_471",2,2,2,2,2,2
"D_472",2,2,1,1,2,2
"D_473",2,2,1,1,2,2
"D_474",2,2,2,2,2,2
"D_475",2,2,2,2,2,2
"D_476",2,2,0,0,2,2
"D_477",2,2,2,2,2,2
"D_478",2,2,1,1,2,2
"D_479",2,2,1,1,2,2
"D_480",2,2,1,1,2,2
"D_481",2,2,2,2,2,2
"D_482",2,2,1,1,2,2
"D_483",2,2,2,2,2,2
"D_484",2,2,0,0,2,2
"D_485",2,2,2,2,2,2
"D_486",2,2,2,2,2,2
"D_487",2,2,2,2,1,2
"D_488",2,2,2,2,1,2
"D_489",2,2,2,2,2,2
"D_490",2,2,1,1,2,2
"D_491",2,2,1,1,2,2
"D_492",2,2,2,2,2,2
"D_493",2,2,2,2,2,2
"D_494",2,2,2,2,2,2
"D_495",2,2,2,2,1,2
"D_496",2,2,2,2,1,2
"D_497",2,2,1,1,2,2
"D_498",2,2,2,2,1,2
"D_499",2,2,2,2,1,2
"D_500",2,2,1,1,2,2
